Australian Catholic University,Australian Catholic University.jpg
Bond University,Bond University.jpg
Charles Darwin University,Charles Darwin University.jpg
Charles Sturt University,Charles Sturt University.jpg
CQUniversity Australia,CQUniversity Australia.jpg
Curtin College,Curtin College.jpg
Curtin University,Curtin University.jpg
Deakin University,Deakin University.jpg
Edith Cowan College (ECC),Edith Cowan College (ECC).jpg
Edith Cowan University (ECU),Edith Cowan University (ECU).jpg
Federation University Australia,Federation University Australia.jpg
Flinders University,Flinders University.jpg
Griffith College,Griffith College.jpg
Griffith University,Griffith University.jpg
Institute of Continuing & TESOL Education (ICTE),Institute of Continuing & TESOL Education (ICTE).jpg
James Cook University Brisbane,James Cook University Brisbane.jpg
James Cook University,James Cook University.jpg
La Trobe University,La Trobe University.jpg
Macquarie University,Macquarie University.jpg
Monash College,Monash College.jpg
Monash University,Monash University.jpg
Murdoch Institute of Technology,Murdoch Institute of Technology.jpg
Murdoch University,Murdoch University.jpg
Ozford Institute of Higher Education,Ozford Institute of Higher Education.jpg
Queensland University of Technology (QUT),Queensland University of Technology (QUT).jpg
RMIT University (Royal Melbourne Institute of Technology University),RMIT University (Royal Melbourne Institute of Technology University).jpg
Sheridan College,Sheridan College.jpg
Southern Cross University,Southern Cross University.jpg
Swinburne University of Technology,Swinburne University of Technology.jpg
The Australian National University,The Australian National University.jpg
The Hotel School,The Hotel School.jpg
The University of Adelaide (UoA),The University of Adelaide (UoA).jpg
The University of Melbourne,The University of Melbourne.jpg
The University of Notre Dame Australia,The University of Notre Dame Australia.jpg
The University of Queensland,The University of Queensland.jpg
The University of Sydney,The University of Sydney.jpg
The University of Western Australia (UWA),The University of Western Australia (UWA).jpg
Torrens University Australia,Torrens University Australia.jpg
University of Canberra,University of Canberra.jpg
University of Divinity,University of Divinity.jpg
University of New England (UNE),University of New England (UNE).jpg
University of New South Wales - UNSW,University of New South Wales - UNSW.jpg
University of Newcastle,University of Newcastle.jpg
University of South Australia (UniSA),University of South Australia (UniSA).jpg
University of Southern Queensland (USQ),University of Southern Queensland (USQ).jpg
University of Tasmania (UTAS),University of Tasmania (UTAS).jpg
University of Technology Sydney - UTS,University of Technology Sydney - UTS.jpg
University of the Sunshine Coast,University of the Sunshine Coast.jpg
University of Wollongong,University of Wollongong.jpg
UNSW Global,UNSW Global.jpg
Victoria University,Victoria University.jpg
Western Sydney University,Western Sydney University.jpg
